RA,NOME,CONSULTORIA,FEV,MAR,ABR,MAI,JUN,JUL,AGO,SET,OUT,NOV,DEZ,JAN
18306162,Ebila Madeira B. Soares,ComJr,0,0,0,0,0,0,0,0,0,0,0,0
16417392,Evelyn Mayara Luza,Toque Gourmet ,0,0,0,0,0,0,0,0,0,0,0,0
17449602,Abel Tonon Segundo,Inovec,0,0,0,0,0,0,0,1,0,0,0,0
14145932,Adrielli Maria dos Reis ,Ecovida,0,0,0,0,0,0,10.5,4,0,0,0,0
18058102,Alan Douglas C. Morais,MM Design ,0,0,0,0,0,0,0,14.75,0,0,0,0
15016382,Alana Oliveira Fernandes,Ambivet,0,0,0,0,0,0,8,0,7.25,0,0,0
14034602,Aline Erika S. Yui,Ambivet,0,0,0,0,0,0,9.45,9,0,0,0,0
14034092,Alisson Batista ,Projecta ,0,0,0,0,0,0,0,0,0,0,0,0
14184272,Alisson Diogo dos Santos,Consec,0,0,0,0,0,0,45,24,0,0,0,0
15022742,Amanda Christiane O. Moro,Ambivet,0,0,0,0,0,0,14,12.25,0,0,0,0
17018122,Amanda R. do Nascimento,Ecovida,0,0,0,0,0,0,6,9,0,0,0,0
18258422,Ana Carolina da Costa Valdevieso,Consec,0,0,0,0,0,0,10,15,0,0,0,0
17395462,Ana Cecilia C. Piaza,Ambivet,0,0,0,0,0,0,2.3,10.5,0,0,0,0
18154462,Ana Flavia Booer Gomes,Toque Gourmet ,0,0,0,0,0,0,15.5,32.75,0,0,0,0
17324522,Ana Paula Vieira Serafim,SeCont,0,0,0,0,0,0,0,0,0,0,0,0
15391522,Ananda da Silva Fiqueiredo,Consec,0,0,0,0,0,0,3,0,0,0,0,0
18014862,Andre Vinicius Rebice,Inovec,0,0,0,0,22,0,0,0,0,0,0,0
15385822,Aparecida N. Silva,Oriente,0,0,0,0,0,0,20,12,0,0,0,0
18727372,Ariel Guilherme da Cunha Kaliel,Trading Jr,0,0,0,0,0,0,0,0,0,0,0,0
17180572,Armandio Campagnolo Neto,Ambivet,0,0,0,0,0,0,2.3,11.25,0,0,0,0
15137992,Arthur Anderson Pesco,Unidev,0,0,0,0,0,0,0,0,0,0,0,0
17480622,Arthur Henrique Beltrami,Inovec,0,0,0,0,4,0,0,0,0,0,0,0
17517832,Barbara Fouto Zanoni,ConModa,0,0,0,0,0,0,27,8,0,0,0,0
16064492,Barbara Ribeiro Tonsic,Nutricon,0,0,0,0,0,0,38,10,0,0,0,0
17089672,Beatriz Becari de Almeida,Conage,0,0,0,0,0,0,0,0,0,0,0,0
18401292,Beatriz Brunetta Pires,ComJr,0,0,0,0,0,0,8,4,4.0,0,0,0
18012202,Beatriz de Castro Itanke,MM Design ,0,0,0,0,0,0,30.5,0,0,0,0,0
15191662,Beatriz Grandi Canchilheci,Educon,0,0,0,0,0,0,0.5,0,0,0,0,0
18035242,Beatriz M. Muyto Matuoka,ConModa,0,0,0,0,0,0,0,0,0,0,0,0
17316892,Brenda Caroline Antonio ,Conage,0,0,0,0,0,0,6,0,0,0,0,0
17102162,Bruna de Almeida Alves,Educon,0,0,0,0,0,0,1.5,0,0,0,0,0
18015172,Bruna Noveli Negrao,Toque Gourmet ,0,0,0,0,0,0,6,40.25,0,0,0,0
17225142,Bruna Sverzutt,Conage,0,0,0,0,0,0,0,0,0,0,0,0
16449272,Bruna Yurie Arata,Oriente,0,0,0,0,0,0,14,4.25,0,0,0,0
16417322,Bruno Mollinari da Rocha,MM Design ,0,0,0,0,0,0,6,17,0,0,0,0
16314522,Caio Augusto Basso Berezowki,Unidev,0,0,0,0,0,0,21,0,0,0,0,0
18568162,Camila Beatriz Villalba,MM Design ,0,0,0,0,0,0,0,0,0,0,0,0
18285552,Camila Morgana R. Rodrigues,Conage,0,0,0,0,0,0,0,0,0,0,0,0
16059712,Carolina de Dio Ferreira,Unidev,0,0,0,0,0,0,22,0,0,0,0,0
17188452,Carolina Tavela ,Oriente,0,0,0,0,0,0,27.5,20.25,0,0,0,0
18473552,Carolina Y. Martinez Aut,Trading Jr,0,0,0,0,0,0,0,0,0,0,0,0
17333182,Carolina Yume Soares Neseyama,Ecovida,0,0,0,0,0,0,1.5,0,0,0,0,0
17025312,Carolina Zanconi Goncalves ,Nutricon,0,0,0,0,0,0,47.5,4.5,0,0,0,0
17397292,Cassius Gremachi M. de Oliveira,Unidev,0,0,0,0,0,0,0,0,0,0,0,0
18026802,Caue Sanches Vieira ,Unidev,0,0,0,0,0,0,2,0,0,0,0,0
15012892,Claudia Rafaela Zolli Paula,Consec,0,0,0,0,0,0,10.5,0,0,0,0,0
15163082,Cristiane Leopoldino Rodrigues,Educon,0,0,0,0,0,0,2,0,0,0,0,0
17216262,Daniela Franzoni do Nascimento,Conage,0,0,0,0,0,0,0,0,0,0,0,0
17108722,Daniele Bellese dos Santos,Educon,0,0,0,0,0,0,19,0,0,0,0,0
15011942,Daniele Firmino Viana ,Projecta ,0,0,0,0,0,0,0,6,0,0,0,0
16067702,Debora Leadro Marini,ConModa,0,0,0,0,0,0,24,6,0,0,0,0
14021972,Debora Telles Campos Lucas,Ambivet,0,0,0,0,0,0,28.45,19,0,0,0,0
17229812,Denis Dantas,Uniagro,0,0,0,0,0,0,41.5,0,9.5,0,0,0
16158322,Denis Yudi Ueno,Inovec,0,0,0,0,30.5,18,0,0,0,0,0,0
18376262,Dhonatan Urzulino Biik,MM Design ,0,0,0,0,0,0,0,14,0,0,0,0
16064282,Dieli Corsi Pontes,Oriente,0,0,0,0,0,0,25,15,0,0,0,0
15003402,Ediely Ferreira Casagrande ,Oriente,0,0,0,0,0,0,45,0,0,0,0,0
17012962,Eloisa Potrich,Unidev,0,0,0,0,0,0,0,0,0,0,0,0
18278642,Erick Rodrigo de Oliveira,Trading Jr,0,0,0,0,0,0,0,0,0,0,0,0
17162942,Evelyn Alves Mattos,Trading Jr,0,0,0,0,0,0,0,0,0,0,0,0
18015872,Fabricio Simonelli Tanguas,Inovec,0,0,0,0,0,0,40.75,23,25.0,0,0,0
16308002,Fernanda Gaio Balestrim,Projecta ,0,0,0,0,0,0,19.5,10.25,0,0,0,0
16409932,Fernanda Luiza Buzzo Petry,Ambivet,0,0,0,0,0,0,32.45,16.75,0,0,0,0
18017202,Flavio Junior Calegari Zanatta,Inovec,0,0,0,0,23.5,20,44.25,11,0,0,0,0
16219792,Gabriel Batista Viel,Conage,0,0,0,0,0,0,0,0,0,0,0,0
18113072,Gabriel Cilico Leite,Unidev,0,0,0,0,0,0,0,0,0,0,0,0
15166242,Gabriel Correia da Silva,Consec,0,0,0,0,0,0,29,15,0,0,0,0
17155762,Gabriel M. Mello Teixeira,Projecta ,0,0,0,0,0,0,16.5,8,0,0,0,0
17216382,Gabriel Pereira Pacheco,Uniagro,0,0,0,0,0,0,70.5,0,0,0,0,0
16139452,Gabriel Toledo Maciel ,Trading Jr,0,0,0,0,0,0,0,0,0,0,0,0
18258312,Gabriela C. Baptista Magron,Ecovida,0,0,0,0,0,0,30.5,0,0,0,0,0
16064462,Gabriela F. da Silva Lima,Nutricon,0,0,0,0,0,0,39.5,8,0,0,0,0
18309082,Gabrielle de Castro Santos,Inovec,0,0,0,0,26,0,0,0,0,0,0,0
15140842,Gabrielly Souza Chagas,Consec,0,0,0,0,0,0,32.5,32,0,0,0,0
17225422,Geraldo Gustavo Neves Junior,ComJr,0,0,0,0,0,0,9,0,0,0,0,0
15271802,Gionava Cordioli,Ecovida,0,0,0,0,0,0,8,5.25,0,0,0,0
16312382,Gisela de Moura R. Marques,MM Design ,0,0,0,0,0,0,16,0,0,0,0,0
17225122,Guilherme da Silva Marcato,Projecta ,0,0,0,0,0,0,24,0,0,0,0,0
17351662,Guilherme Dos Santos Lima ,Uniagro,0,0,0,0,0,0,42,0,0,0,0,0
14124642,Guilherme Duarte Bellodi,Uniagro,0,0,0,0,0,0,0,0,0,0,0,0
14041202,Guilherme Hideki Shibukawa,Inovec,0,0,0,0,0,0,0,0,0,0,0,0
16481332,Guilherme Mendonca Alegria,Ecovida,0,0,0,0,0,0,9.5,10.25,0,0,0,0
17184402,Guilherme Tel Bernadelli,ComJr,0,0,0,0,0,0,4,9,0,0,0,0
18012702,Giulia Bortolon Peres,ConModa,0,0,0,0,0,0,24,8,0,0,0,0
16157912,Gustavo Felipe Acioli Denobi,Inovec,0,0,0,0,49.25,78.5,40.25,23,61.25,0,0,0
15015602,Gustavo Pires Liberati,Inovec,0,0,0,0,17,14.25,0,25.5,67.0,0,0,0
15012612,Hellen Braido Avanco,Projecta ,0,0,0,0,0,0,13,10.5,0,0,0,0
15216552,Heverton Loquetti Fernandes,Ambivet,0,0,0,0,0,0,12.3,5.5,0,0,0,0
17051772,Ingrid David Andreotti,Toque Gourmet ,0,0,0,0,0,0,0,0,0,0,0,0
16070742,Isabela Franchi da Silva,Oriente,0,0,0,0,0,0,0,0,0,0,0,0
17146272,Isabela Giovana B. Cardoso,Ambivet,0,0,0,0,0,0,0,0,0,0,0,0
17220782,Isabela Goulart de Oliveira,Ecovida,0,0,0,0,0,0,9,8.25,0,0,0,0
18561232,Isabela Watanabe Siloti,Trading Jr,0,0,0,0,0,0,0,0,0,0,0,0
18306352,Isabele Maria Mello L. Santos,Inovec,0,0,0,0,8.5,0,28.5,0,0,0,0,0
17329942,Isabella A. Garcia Souza,Projecta ,0,0,0,0,0,0,13,9,0,0,0,0
16058382,Isadora Fonseca Araujo,Inovec,0,0,0,0,6,17,30.25,0,70.25,0,0,0
16223852,Jessica Franco da Silva,Nutricon,0,0,0,0,0,0,50,7.5,0,0,0,0
15085452,Jackeline baraldo Zampar,Oriente,0,0,0,0,0,0,12,14.5,0,0,0,0
15274682,Janaina Teixeira de Souza,ComJr,0,0,0,0,0,0,9,0,0,0,0,0
16203842,Jeniffer Zampoli Martins,Projecta ,0,0,0,0,0,0,8,4,0,0,0,0
17188442,Jessica Beatriz de Almeida ,Conage,0,0,0,0,0,0,9,0,0,0,0,0
17377872,Jessica Camila Nogueira,Uniagro,0,0,0,0,0,0,52,0,0,0,0,0
17142622,Joao Davi Sorato,Trading Jr,0,0,0,0,0,0,0,0,0,0,0,0
18261222,Joao Lucas Costa Fernandes,Uniagro,0,0,0,0,0,0,0,9,0,0,0,0
18330972,Joao Pedro M. Soda ,Toque Gourmet ,0,0,0,0,0,0,0,50.25,0,0,0,0
18376562,Joao Victor K. Moura,Inovec,0,0,0,0,17,26.5,72.75,50,44.5,0,0,0
16270022,Jose Amaro de Jesus,Oriente,0,0,0,0,0,0,10.5,0,0,0,0,0
15011592,Juan Carlo Canonico S. Valladares,Consec,0,0,0,0,0,0,10,12,0,0,0,0
17163112,Juliana Castilho Jacomelli,Toque Gourmet ,0,0,0,0,0,0,2.5,0,0,0,0,0
18124392,Juliana Rodrigues de Oliveira Aldrigue,Toque Gourmet ,0,0,0,0,0,0,4,0,0,0,0,0
16132402,Kamylla Francislly de Souza,Nutricon,0,0,0,0,0,0,26.5,0,0,0,0,0
18012732,Karina Tomaz Morali,Toque Gourmet ,0,0,0,0,0,0,0,39,0,0,0,0
15388362,Karina Andrea Ishihara Tsuneto,Oriente,0,0,0,0,0,0,0,17.75,0,0,0,0
18735062,Karol Linley Portera,Trading Jr,0,0,0,0,0,0,0,0,0,0,0,0
15391192,Kaue Felix de Santana,Consec,0,0,0,0,0,0,26,13.75,0,0,0,0
17017032,Lais Fratti Malinowski,ConModa,0,0,0,0,0,0,27,8,0,0,0,0
16119782,Lais Miguel da Silva Ferrari,Ambivet,0,0,0,0,0,0,0,0,0,0,0,0
16119782-1,Lais Miguel da Silva Ferrari,Ambivet,0,0,0,0,0,0,0,0,0,0,0,0
14181422,Lidia Pereira Amaro,Consec,0,0,0,0,0,0,18.5,5,0,0,0,0
15018272,Lairyani Marques Corsi,Oriente,0,0,0,0,0,0,28.5,10.5,0,0,0,0
15100122,Larissa Alves de Oliveira,Ambivet,0,0,0,0,0,0,8,8,0,0,0,0
18793322,Larissa Bispo de Lima,Conage,0,0,0,0,0,0,2,0,0,0,0,0
17260472,Larissa Castelini,Toque Gourmet ,0,0,0,0,0,0,0,0,0,0,0,0
17053642,Larissa Santana Wolff,Ambivet,0,0,0,0,0,0,2.3,14.5,0,0,0,0
17302112,Larissa Silva de Oliveira,Ambivet,0,0,0,0,0,0,2.3,7.25,0,0,0,0
16412632,Lia Karen Shingo,MM Design ,0,0,0,0,0,0,16,22.5,0,0,0,0
18377162,Lidiane de Almeida Cardoso,ComJr,0,0,0,0,0,0,6,0,0,0,0,0
17053542,Loiani Oliveira Santana ,Ecovida,0,0,0,0,0,0,30,7,0,0,0,0
15166112,Lorena Keylla da Silva,ConModa,0,0,0,0,0,0,0,0,0,0,0,0
18252202,Lorrayne dos Santos Alves,Uniagro,0,0,0,0,0,0,40,0,0,0,0,0
17141852,Luan Henrique Apolinario Alves,ConModa,0,0,0,0,0,0,27,8,0,0,0,0
16067432,Luana Goncalves dos Santos,Nutricon,0,0,0,0,0,0,27,4.5,0,0,0,0
15166372,Luana Rohling Silva,Oriente,0,0,0,0,0,0,41,22.75,0,0,0,0
17302262,Lucas Donizete de Souza,ConModa,0,0,0,0,0,0,0,0,0,0,0,0
16074832,Lucas Gustavo Fritzen,Inovec,0,0,0,0,0,0,20,9.5,22.5,0,0,0
18581282,Lucas Martins Arruda,Uniagro,0,0,0,0,0,0,80.5,0,0,0,0,0
15307962,Lucimara dos Santos Godoi,Educon,0,0,0,0,0,0,20,0,0,0,0,0
18015282,Luiz Felipe V. B. Lopes Lima,Unidev,0,0,0,0,0,0,16,0,0,0,0,0
14109412,Luiza Fernandes Cardozo ,Oriente,0,0,0,0,0,0,18,0,0,0,0,0
15115342,Maicon Douglas Leles da Silva,Inovec,0,0,0,0,0,0,37.5,11,0,0,0,0
15010242,Malu Barcellos Schiavon ,Uniagro,0,0,0,0,0,0,0,0,0,0,0,0
15015692,Marilia da Mata Silva,Oriente,0,0,0,0,0,0,4.5,22,0,0,0,0
18258472,Marcelo de Oliveira Bussolin ,Conage,0,0,0,0,0,0,0,0,0,0,0,0
16117242,Marciane Schuh,MM Design ,0,0,0,0,0,0,18,0,0,0,0,0
17140802,Maria Laura Tavares,Trading Jr,0,0,0,0,0,0,0,0,0,0,0,0
17170422,Maria Luiza de Carvalho ,ConModa,0,0,0,0,0,0,27,8,0,0,0,0
18061152,Maria Luiza Zampar de Souza,Toque Gourmet ,0,0,0,0,0,0,13,47,0,0,0,0
18131762,Maria Stefani de Brito,Ambivet,0,0,0,0,0,0,27,8.75,0,0,0,0
16074282,Marian Monteiro Nagi,Oriente,0,0,0,0,0,0,26.5,1.25,2.75,0,0,0
16062412,Mariana Campos Giosa,Uniagro,0,0,0,0,0,0,66.5,21.5,0,0,0,0
17092762,Mariana Conceicao da Silva ,Ecovida,0,0,0,0,0,0,17,8,0,0,0,0
15209782,Mariana Martinato Guelles,Ambivet,0,0,0,0,0,0,10.4,9,0,0,0,0
16067742,Mariana Pastre Glaeser,Toque Gourmet ,0,0,0,0,0,0,0,0,0,0,0,0
15084752,Mariana Pires Moia,Consec,0,0,0,0,0,0,0,3.5,0,0,0,0
17054102,Mariana Wendausen Donega,Projecta ,0,0,0,0,0,0,18,9.75,0,0,0,0
15022332,Mario Sgoberto Netto,Projecta ,0,0,0,0,0,0,14.5,0,0,0,0,0
16139412,Matheus Marroni Bodnariuc,Ambivet,0,0,0,0,0,0,19.2,8.75,0,0,0,0
17229042,Matheus Martinhao ,Uniagro,0,0,0,0,0,0,55.5,18,0,0,0,0
17222892,Matheus Zirondi Roloff,Ecovida,0,0,0,0,0,0,5.5,1.5,0,0,0,0
15176502,Mathues Davi da Costa Manholer,Consec,0,0,0,0,0,0,10,8.25,0,0,0,0
14139882,Mathueus Nunes Sato,Consec,0,0,0,0,0,0,34,16,0,0,0,0
18276902,Micaeli Silva Belgamazzi,Ecovida,0,0,0,0,0,0,32.5,13,0,0,0,0
18014852,Miguel Mastrangelo Damaceno,Toque Gourmet ,0,0,0,0,0,0,0,0,0,0,0,0
16064442,Milena Fernada Pasquali,ConModa,0,0,0,0,0,0,21,0,0,0,0,0
15386672,Natalia de Souza Sbampato,Ambivet,0,0,0,0,0,0,14.4,6,0,0,0,0
18294972,Nataniel Francisco Flauzino,ComJr,0,0,0,0,0,0,14,12,0,0,0,0
17480292,Nathalia Lopes Doro,MM Design ,0,0,0,0,0,0,0,15,0,0,0,0
18221632,Nayane Sabadego,MM Design ,0,0,0,0,0,0,0,12.75,0,0,0,0
17225262,Nayara Santana de Araujo,ComJr,0,0,0,0,0,0,0,0,0,0,0,0
1825252,Nayla D Barcelos Reschetti,Projecta ,0,0,0,0,0,0,20,0,0,0,0,0
13003832,Nicoly Tardiola Pereira,Projecta ,0,0,0,0,0,0,0,3,0,0,0,0
14327222,Northon Aldrovandi Paganella,Consec,0,0,0,0,0,0,22.5,7.5,0,0,0,0
15010742,Patricia Dutra de lima ,Educon,0,0,0,0,0,0,0,0,0,0,0,0
15010752,Paula Karolaine B. dos Santos,Ambivet,0,0,0,0,0,0,30.5,14.75,0,0,0,0
17241652,Paulo Leandro Pavezzi Corsato,Uniagro,0,0,0,0,0,0,0,0,0,0,0,0
15013042,Pedro Alexandre Sosnitzki,Consec,0,0,0,0,0,0,36.5,12.75,0,0,0,0
15005912,Pedro Henrique de Farias Niza,Consec,0,0,0,0,0,0,37.5,27,0,0,0,0
17216752,Pedro Henrique Quirino dos Santos,Consec,0,0,0,0,0,0,10,16,0,0,0,0
18560122,Rafael Augusto Moresch,Uniagro,0,0,0,0,0,0,37,0,0,0,0,0
14033172,Rafael Neves Pessoa,Inovec,0,0,0,0,0,0,0,0,0,0,0,0
17208472,Rafaela Cristina F. Santos,Conage,0,0,0,0,0,0,0,0,0,0,0,0
16228872,Rafaela Gilo Sanches,Nutricon,0,0,0,0,0,0,41.5,4,0,0,0,0
17504872,Raquel Ferreira Vidal,Conage,0,0,0,0,0,0,0,0,0,0,0,0
18397652,Renan Madeira Evaristo,Toque Gourmet ,0,0,0,0,0,0,0,0,0,0,0,0
15006012,Renan Rodrigues Gomes,Projecta ,0,0,0,0,0,0,19.5,9.5,0,0,0,0
18308922,Rita de Cassia B. Fontoura,Trading Jr,0,0,0,0,0,0,0,0,0,0,0,0
16294072,Rodrigo Luis da Silva Bilieiro,Unidev,0,0,0,0,0,0,0,0,0,0,0,0
18258382,Ruan Felipe Siqueira Antunes,Inovec,0,0,0,0,20,19.75,50.5,0,26.0,0,0,0
16201782,Sabrina S. K. Tanaka,ConModa,0,0,0,0,0,0,0,0,0,0,0,0
17195562,Samuel Jafe Pereira Carvalho ,Trading Jr,0,0,0,0,0,0,0,0,0,0,0,0
17316782,Taina Cshiavon ,Conage,0,0,0,0,0,0,0,0,0,0,0,0
17345232,Thais Cristina Biaji,Ambivet,0,0,0,0,0,0,2.3,10.25,0,0,0,0
15095592,Thailane Fernanda da Silva,Oriente,0,0,0,0,0,0,24,0,0,0,0,0
17247012,Thais Cristiane C. Rampasi,Projecta ,0,0,0,0,0,0,18,0,0,0,0,0
15029162,Thays de Fatima Zandona,Oriente,0,0,0,0,0,0,7,8.25,0,0,0,0
14051592,Thuany Renata da Silva,Consec,0,0,0,0,0,0,21,12.25,0,0,0,0
15007692,Tony Franca Cargnin,Projecta ,0,0,0,0,0,0,17.5,3.5,0,0,0,0
17013962,Vanessa Recalte ,Nutricon,0,0,0,0,0,0,55,8.75,0,0,0,0
17208602,Vera Lucia da Silva Lopes,MM Design ,0,0,0,0,0,0,16.5,7,0,0,0,0
17502582,Vitoria Catarina Guido,MM Design ,0,0,0,0,0,0,24,0,0,0,0,0
18320142,Viviane Marcolino,Educon,0,0,0,0,0,0,25,0,0,0,0,0
18010242,Wellisson Madson da S. Santos,Conage,0,0,0,0,0,0,1,0,0,0,0,0
18376882,Wilkerson Charles G. Shubert,Trading Jr,0,0,0,0,0,0,0,0,0,0,0,0
16073612,Yasmim Camilo Londres,Ambivet,0,0,0,0,0,0,16.5,8.75,0,0,0,0
16203212,Yasmin da Costa Gomes,MM Design ,0,0,0,0,0,0,1,0,0,0,0,0
18432102,Yuri Mendes Leite,Trading Jr,0,0,0,0,0,0,0,13.75,0,0,0,0
17224952,Raissa Borelli Ferraneto,Oriente,0,0,0,0,0,0,0,8,0,0,0,0
17012932,Beatriz Carolyne Quina Valente,Ambivet,0,0,0,0,0,0,0,9,0,0,0,0
17048492,Isabela Brujnolo de Moraes,Ambivet,0,0,0,0,0,0,0,12.5,0,0,0,0
18531772,Marcela Muller,ConModa,0,0,0,0,0,0,0,8,0,0,0,0
17187962,Hugo Felype,ConModa,0,0,0,0,0,0,0,8,0,0,0,0
17192432,Larissa Evangelista,ConModa,0,0,0,0,0,0,0,8,0,0,0,0
18290682,Vinicius Eduardo Brumatti,MM Design,0,0,0,0,0,0,0,0,0,0,0,0
